am1,am2,mentions,party
AMCarwyn,AlunDaviesAM,6,Labour
AMCarwyn,Amanwy,31,Labour
AMCarwyn,AndrewRTDavies,3,Labour
AMCarwyn,DavidReesAM,4,Labour
AMCarwyn,Dawn_Bowden,6,Labour
AMCarwyn,ElisThomasD,2,Labour
AMCarwyn,Eluned_Morgan,2,Labour
AMCarwyn,JBryantWales,8,Labour
AMCarwyn,JFinchSaunders,9,Labour
AMCarwyn,JGriffithsLab,3,Labour
AMCarwyn,JaneHutt,16,Labour
AMCarwyn,JennyRathbone,7,Labour
AMCarwyn,Jeremy_Miles,10,Labour
AMCarwyn,JoyceWatsonam,4,Labour
AMCarwyn,JulieJamesAM,3,Labour
AMCarwyn,JulieMorganLAB,12,Labour
AMCarwyn,KenSkatesAM,5,Labour
AMCarwyn,Kirsty_Williams,6,Labour
AMCarwyn,LeanneWood,3,Labour
AMCarwyn,MarkDrakeford,7,Labour
AMCarwyn,MarkReckless,6,Labour
AMCarwyn,MickAntoniw1,10,Labour
AMCarwyn,MikeHedgesAM,1,Labour
AMCarwyn,NathanGillMEP,3,Labour
AMCarwyn,RebeccaEvansAM,9,Labour
AMCarwyn,VikkiHowells,6,Labour
AMCarwyn,ann_jonesam,3,Labour
AMCarwyn,bethanjenkins,2,Labour
AMCarwyn,carlsargeant1,8,Labour
AMCarwyn,hannahblythyn,10,Labour
AMCarwyn,hef4caerphilly,3,Labour
AMCarwyn,huw4ogmore,21,Labour
AMCarwyn,lesley4wrexham,8,Labour
AMCarwyn,rhi4islwyn,4,Labour
AMCarwyn,suzydaviesam,1,Labour
AMCarwyn,vaughangething,5,Labour
AlunDaviesAM,AMCarwyn,4,Labour
AlunDaviesAM,Amanwy,13,Labour
AlunDaviesAM,AndrewRTDavies,6,Labour
AlunDaviesAM,AngelaBurnsAM,3,Labour
AlunDaviesAM,DarrenMillarAM,6,Labour
AlunDaviesAM,Dawn_Bowden,1,Labour
AlunDaviesAM,ElinCeredigion,4,Labour
AlunDaviesAM,ElisThomasD,11,Labour
AlunDaviesAM,JBryantWales,4,Labour
AlunDaviesAM,JFinchSaunders,6,Labour
AlunDaviesAM,JennyRathbone,2,Labour
AlunDaviesAM,Jeremy_Miles,4,Labour
AlunDaviesAM,JulieJamesAM,1,Labour
AlunDaviesAM,JulieMorganLAB,1,Labour
AlunDaviesAM,KenSkatesAM,6,Labour
AlunDaviesAM,Kirsty_Williams,3,Labour
AlunDaviesAM,LeanneWood,11,Labour
AlunDaviesAM,LlyrGruffydd,2,Labour
AlunDaviesAM,MickAntoniw1,7,Labour
AlunDaviesAM,NickRamsayAM,2,Labour
AlunDaviesAM,RebeccaEvansAM,3,Labour
AlunDaviesAM,RhunapIorwerth,5,Labour
AlunDaviesAM,SimonThomasAC,7,Labour
AlunDaviesAM,VikkiHowells,1,Labour
AlunDaviesAM,_Adam_Price,3,Labour
AlunDaviesAM,ann_jonesam,4,Labour
AlunDaviesAM,bethanjenkins,1,Labour
AlunDaviesAM,carlsargeant1,10,Labour
AlunDaviesAM,hannahblythyn,3,Labour
AlunDaviesAM,lesley4wrexham,3,Labour
AlunDaviesAM,russ_george,4,Labour
AlunDaviesAM,siangwenfelin,1,Labour
AlunDaviesAM,vaughangething,5,Labour
Amanwy,AMCarwyn,14,Labour
Amanwy,AlunDaviesAM,12,Labour
Amanwy,AndrewRTDavies,2,Labour
Amanwy,DavidReesAM,1,Labour
Amanwy,Dawn_Bowden,4,Labour
Amanwy,ElinCeredigion,3,Labour
Amanwy,ElisThomasD,4,Labour
Amanwy,Eluned_Morgan,15,Labour
Amanwy,JBryantWales,1,Labour
Amanwy,JGriffithsLab,1,Labour
Amanwy,JaneHutt,5,Labour
Amanwy,JennyRathbone,4,Labour
Amanwy,Jeremy_Miles,27,Labour
Amanwy,JoyceWatsonam,2,Labour
Amanwy,JulieJamesAM,4,Labour
Amanwy,JulieMorganLAB,4,Labour
Amanwy,KenSkatesAM,3,Labour
Amanwy,Kirsty_Williams,7,Labour
Amanwy,LeanneWood,6,Labour
Amanwy,LlyrGruffydd,1,Labour
Amanwy,MarkDrakeford,5,Labour
Amanwy,MarkReckless,2,Labour
Amanwy,MickAntoniw1,1,Labour
Amanwy,MikeHedgesAM,4,Labour
Amanwy,NathanGillMEP,6,Labour
Amanwy,NeilUKIP,7,Labour
Amanwy,NickRamsayAM,2,Labour
Amanwy,RebeccaEvansAM,2,Labour
Amanwy,RhunapIorwerth,11,Labour
Amanwy,SimonThomasAC,16,Labour
Amanwy,VikkiHowells,6,Labour
Amanwy,_Adam_Price,51,Labour
Amanwy,bethanjenkins,10,Labour
Amanwy,carlsargeant1,10,Labour
Amanwy,hannahblythyn,3,Labour
Amanwy,hef4caerphilly,7,Labour
Amanwy,huw4ogmore,7,Labour
Amanwy,lesley4wrexham,1,Labour
Amanwy,neiljmcevoy,9,Labour
Amanwy,rhi4islwyn,4,Labour
Amanwy,vaughangething,3,Labour
AndrewRTDavies,AMCarwyn,3,Conservative
AndrewRTDavies,AlunDaviesAM,1,Conservative
AndrewRTDavies,AngelaBurnsAM,15,Conservative
AndrewRTDavies,DarrenMillarAM,49,Conservative
AndrewRTDavies,ElinCeredigion,2,Conservative
AndrewRTDavies,Eluned_Morgan,3,Conservative
AndrewRTDavies,JFinchSaunders,25,Conservative
AndrewRTDavies,JaneHutt,2,Conservative
AndrewRTDavies,JennyRathbone,2,Conservative
AndrewRTDavies,JulieMorganLAB,4,Conservative
AndrewRTDavies,Kirsty_Williams,16,Conservative
AndrewRTDavies,LeanneWood,21,Conservative
AndrewRTDavies,MarkIsherwoodAM,9,Conservative
AndrewRTDavies,MarkReckless,2,Conservative
AndrewRTDavies,MickAntoniw1,1,Conservative
AndrewRTDavies,MohammadAsghar,5,Conservative
AndrewRTDavies,NathanGillMEP,9,Conservative
AndrewRTDavies,NeilUKIP,1,Conservative
AndrewRTDavies,NickRamsayAM,14,Conservative
AndrewRTDavies,RhunapIorwerth,4,Conservative
AndrewRTDavies,SimonThomasAC,2,Conservative
AndrewRTDavies,VikkiHowells,1,Conservative
AndrewRTDavies,ann_jonesam,1,Conservative
AndrewRTDavies,bethanjenkins,3,Conservative
AndrewRTDavies,neiljmcevoy,1,Conservative
AndrewRTDavies,russ_george,19,Conservative
AndrewRTDavies,suzydaviesam,11,Conservative
AndrewRTDavies,vaughangething,2,Conservative
AngelaBurnsAM,AMCarwyn,1,Conservative
AngelaBurnsAM,AlunDaviesAM,15,Conservative
AngelaBurnsAM,Amanwy,6,Conservative
AngelaBurnsAM,AndrewRTDavies,55,Conservative
AngelaBurnsAM,DarrenMillarAM,38,Conservative
AngelaBurnsAM,DavidReesAM,5,Conservative
AngelaBurnsAM,ElinCeredigion,9,Conservative
AngelaBurnsAM,ElisThomasD,6,Conservative
AngelaBurnsAM,Eluned_Morgan,1,Conservative
AngelaBurnsAM,JFinchSaunders,13,Conservative
AngelaBurnsAM,JaneHutt,1,Conservative
AngelaBurnsAM,JennyRathbone,3,Conservative
AngelaBurnsAM,Jeremy_Miles,1,Conservative
AngelaBurnsAM,JoyceWatsonam,1,Conservative
AngelaBurnsAM,JulieJamesAM,9,Conservative
AngelaBurnsAM,Kirsty_Williams,1,Conservative
AngelaBurnsAM,LeanneWood,6,Conservative
AngelaBurnsAM,LlyrGruffydd,4,Conservative
AngelaBurnsAM,MarkDrakeford,1,Conservative
AngelaBurnsAM,MarkIsherwoodAM,11,Conservative
AngelaBurnsAM,MickAntoniw1,1,Conservative
AngelaBurnsAM,MikeHedgesAM,14,Conservative
AngelaBurnsAM,MohammadAsghar,4,Conservative
AngelaBurnsAM,NeilUKIP,6,Conservative
AngelaBurnsAM,NickRamsayAM,7,Conservative
AngelaBurnsAM,RebeccaEvansAM,2,Conservative
AngelaBurnsAM,RhunapIorwerth,4,Conservative
AngelaBurnsAM,SimonThomasAC,23,Conservative
AngelaBurnsAM,_Adam_Price,1,Conservative
AngelaBurnsAM,ann_jonesam,1,Conservative
AngelaBurnsAM,bethanjenkins,10,Conservative
AngelaBurnsAM,carlsargeant1,2,Conservative
AngelaBurnsAM,carolineUKIP,2,Conservative
AngelaBurnsAM,lesley4wrexham,4,Conservative
AngelaBurnsAM,russ_george,20,Conservative
AngelaBurnsAM,suzydaviesam,34,Conservative
AngelaBurnsAM,vaughangething,5,Conservative
DarrenMillarAM,AMCarwyn,4,Conservative
DarrenMillarAM,AlunDaviesAM,6,Conservative
DarrenMillarAM,AndrewRTDavies,81,Conservative
DarrenMillarAM,AngelaBurnsAM,10,Conservative
DarrenMillarAM,DavidReesAM,6,Conservative
DarrenMillarAM,Dawn_Bowden,1,Conservative
DarrenMillarAM,ElinCeredigion,20,Conservative
DarrenMillarAM,JFinchSaunders,23,Conservative
DarrenMillarAM,JaneHutt,1,Conservative
DarrenMillarAM,JennyRathbone,3,Conservative
DarrenMillarAM,JulieMorganLAB,7,Conservative
DarrenMillarAM,Kirsty_Williams,41,Conservative
DarrenMillarAM,LeanneWood,3,Conservative
DarrenMillarAM,LlyrGruffydd,18,Conservative
DarrenMillarAM,MarkDrakeford,1,Conservative
DarrenMillarAM,MarkIsherwoodAM,22,Conservative
DarrenMillarAM,MarkReckless,1,Conservative
DarrenMillarAM,MickAntoniw1,4,Conservative
DarrenMillarAM,MohammadAsghar,4,Conservative
DarrenMillarAM,NickRamsayAM,3,Conservative
DarrenMillarAM,RebeccaEvansAM,1,Conservative
DarrenMillarAM,RhunapIorwerth,11,Conservative
DarrenMillarAM,SimonThomasAC,1,Conservative
DarrenMillarAM,ann_jonesam,5,Conservative
DarrenMillarAM,hannahblythyn,2,Conservative
DarrenMillarAM,russ_george,17,Conservative
DarrenMillarAM,vaughangething,7,Conservative
DavidReesAM,AMCarwyn,27,Labour
DavidReesAM,AlunDaviesAM,20,Labour
DavidReesAM,Amanwy,9,Labour
DavidReesAM,AndrewRTDavies,3,Labour
DavidReesAM,DarrenMillarAM,8,Labour
DavidReesAM,Dawn_Bowden,7,Labour
DavidReesAM,ElinCeredigion,9,Labour
DavidReesAM,ElisThomasD,2,Labour
DavidReesAM,Eluned_Morgan,6,Labour
DavidReesAM,JBryantWales,27,Labour
DavidReesAM,JFinchSaunders,9,Labour
DavidReesAM,JGriffithsLab,1,Labour
DavidReesAM,JaneHutt,5,Labour
DavidReesAM,JennyRathbone,2,Labour
DavidReesAM,Jeremy_Miles,35,Labour
DavidReesAM,JulieJamesAM,11,Labour
DavidReesAM,JulieMorganLAB,6,Labour
DavidReesAM,KenSkatesAM,6,Labour
DavidReesAM,Kirsty_Williams,20,Labour
DavidReesAM,LeanneWood,8,Labour
DavidReesAM,LlyrGruffydd,1,Labour
DavidReesAM,MarkIsherwoodAM,1,Labour
DavidReesAM,MarkReckless,2,Labour
DavidReesAM,MickAntoniw1,18,Labour
DavidReesAM,MikeHedgesAM,19,Labour
DavidReesAM,NeilUKIP,4,Labour
DavidReesAM,NickRamsayAM,6,Labour
DavidReesAM,RebeccaEvansAM,36,Labour
DavidReesAM,RhunapIorwerth,2,Labour
DavidReesAM,SimonThomasAC,9,Labour
DavidReesAM,VikkiHowells,3,Labour
DavidReesAM,_Adam_Price,1,Labour
DavidReesAM,ann_jonesam,4,Labour
DavidReesAM,bethanjenkins,52,Labour
DavidReesAM,carlsargeant1,25,Labour
DavidReesAM,hannahblythyn,21,Labour
DavidReesAM,huw4ogmore,6,Labour
DavidReesAM,lesley4wrexham,4,Labour
DavidReesAM,rhi4islwyn,2,Labour
DavidReesAM,russ_george,3,Labour
DavidReesAM,suzydaviesam,13,Labour
DavidReesAM,vaughangething,13,Labour
DavidRowlandsAM,AMCarwyn,1,UKIP
DavidRowlandsAM,Dawn_Bowden,2,UKIP
DavidRowlandsAM,LeanneWood,1,UKIP
DavidRowlandsAM,MarkReckless,38,UKIP
DavidRowlandsAM,NathanGillMEP,88,UKIP
DavidRowlandsAM,NeilUKIP,10,UKIP
DavidRowlandsAM,carolineUKIP,6,UKIP
DavidRowlandsAM,hef4caerphilly,1,UKIP
DavidRowlandsAM,suzydaviesam,2,UKIP
Dawn_Bowden,AMCarwyn,15,Labour
Dawn_Bowden,AlunDaviesAM,4,Labour
Dawn_Bowden,Amanwy,4,Labour
Dawn_Bowden,AndrewRTDavies,1,Labour
Dawn_Bowden,AngelaBurnsAM,1,Labour
Dawn_Bowden,DarrenMillarAM,2,Labour
Dawn_Bowden,DavidReesAM,1,Labour
Dawn_Bowden,ElinCeredigion,5,Labour
Dawn_Bowden,ElisThomasD,1,Labour
Dawn_Bowden,Eluned_Morgan,8,Labour
Dawn_Bowden,JBryantWales,7,Labour
Dawn_Bowden,JGriffithsLab,1,Labour
Dawn_Bowden,JaneHutt,2,Labour
Dawn_Bowden,JennyRathbone,1,Labour
Dawn_Bowden,Jeremy_Miles,6,Labour
Dawn_Bowden,JulieJamesAM,1,Labour
Dawn_Bowden,JulieMorganLAB,2,Labour
Dawn_Bowden,Kirsty_Williams,5,Labour
Dawn_Bowden,LeanneWood,12,Labour
Dawn_Bowden,MarkDrakeford,1,Labour
Dawn_Bowden,MarkReckless,1,Labour
Dawn_Bowden,MickAntoniw1,14,Labour
Dawn_Bowden,NathanGillMEP,1,Labour
Dawn_Bowden,NeilUKIP,1,Labour
Dawn_Bowden,RebeccaEvansAM,1,Labour
Dawn_Bowden,RhunapIorwerth,15,Labour
Dawn_Bowden,SimonThomasAC,3,Labour
Dawn_Bowden,VikkiHowells,8,Labour
Dawn_Bowden,ann_jonesam,2,Labour
Dawn_Bowden,bethanjenkins,1,Labour
Dawn_Bowden,carlsargeant1,1,Labour
Dawn_Bowden,carolineUKIP,1,Labour
Dawn_Bowden,hannahblythyn,7,Labour
Dawn_Bowden,hef4caerphilly,5,Labour
Dawn_Bowden,huw4ogmore,5,Labour
Dawn_Bowden,lesley4wrexham,1,Labour
Dawn_Bowden,rhi4islwyn,8,Labour
Dawn_Bowden,suzydaviesam,8,Labour
Dawn_Bowden,vaughangething,23,Labour
ElinCeredigion,AlunDaviesAM,3,Plaid Cymru
ElinCeredigion,Amanwy,2,Plaid Cymru
ElinCeredigion,AndrewRTDavies,2,Plaid Cymru
ElinCeredigion,AngelaBurnsAM,2,Plaid Cymru
ElinCeredigion,DarrenMillarAM,4,Plaid Cymru
ElinCeredigion,DavidReesAM,1,Plaid Cymru
ElinCeredigion,Dawn_Bowden,4,Plaid Cymru
ElinCeredigion,ElisThomasD,2,Plaid Cymru
ElinCeredigion,JaneHutt,7,Plaid Cymru
ElinCeredigion,JennyRathbone,1,Plaid Cymru
ElinCeredigion,JulieMorganLAB,4,Plaid Cymru
ElinCeredigion,KenSkatesAM,5,Plaid Cymru
ElinCeredigion,Kirsty_Williams,8,Plaid Cymru
ElinCeredigion,LeanneWood,109,Plaid Cymru
ElinCeredigion,LlyrGruffydd,24,Plaid Cymru
ElinCeredigion,MarkReckless,3,Plaid Cymru
ElinCeredigion,NickRamsayAM,1,Plaid Cymru
ElinCeredigion,RhunapIorwerth,30,Plaid Cymru
ElinCeredigion,SimonThomasAC,42,Plaid Cymru
ElinCeredigion,_Adam_Price,30,Plaid Cymru
ElinCeredigion,carlsargeant1,1,Plaid Cymru
ElinCeredigion,lesley4wrexham,1,Plaid Cymru
ElinCeredigion,neiljmcevoy,3,Plaid Cymru
ElinCeredigion,siangwenfelin,10,Plaid Cymru
ElinCeredigion,suzydaviesam,5,Plaid Cymru
ElinCeredigion,vaughangething,3,Plaid Cymru
ElisThomasD,AMCarwyn,1,Plaid Cymru
ElisThomasD,AlunDaviesAM,1,Plaid Cymru
ElisThomasD,Amanwy,3,Plaid Cymru
ElisThomasD,AndrewRTDavies,1,Plaid Cymru
ElisThomasD,AngelaBurnsAM,1,Plaid Cymru
ElisThomasD,DarrenMillarAM,2,Plaid Cymru
ElisThomasD,DavidReesAM,5,Plaid Cymru
ElisThomasD,ElinCeredigion,6,Plaid Cymru
ElisThomasD,Eluned_Morgan,7,Plaid Cymru
ElisThomasD,JFinchSaunders,1,Plaid Cymru
ElisThomasD,KenSkatesAM,1,Plaid Cymru
ElisThomasD,Kirsty_Williams,2,Plaid Cymru
ElisThomasD,LeanneWood,16,Plaid Cymru
ElisThomasD,LlyrGruffydd,1,Plaid Cymru
ElisThomasD,NathanGillMEP,2,Plaid Cymru
ElisThomasD,NickRamsayAM,2,Plaid Cymru
ElisThomasD,RhunapIorwerth,2,Plaid Cymru
ElisThomasD,_Adam_Price,22,Plaid Cymru
ElisThomasD,bethanjenkins,1,Plaid Cymru
ElisThomasD,carlsargeant1,1,Plaid Cymru
ElisThomasD,hef4caerphilly,1,Plaid Cymru
ElisThomasD,huw4ogmore,2,Plaid Cymru
ElisThomasD,lesley4wrexham,1,Plaid Cymru
ElisThomasD,neiljmcevoy,4,Plaid Cymru
ElisThomasD,siangwenfelin,7,Plaid Cymru
ElisThomasD,vaughangething,1,Plaid Cymru
Eluned_Morgan,AMCarwyn,8,Labour
Eluned_Morgan,AlunDaviesAM,1,Labour
Eluned_Morgan,Amanwy,19,Labour
Eluned_Morgan,AndrewRTDavies,3,Labour
Eluned_Morgan,DavidReesAM,2,Labour
Eluned_Morgan,Dawn_Bowden,7,Labour
Eluned_Morgan,ElisThomasD,1,Labour
Eluned_Morgan,JBryantWales,3,Labour
Eluned_Morgan,JennyRathbone,3,Labour
Eluned_Morgan,Jeremy_Miles,3,Labour
Eluned_Morgan,JoyceWatsonam,9,Labour
Eluned_Morgan,JulieJamesAM,2,Labour
Eluned_Morgan,JulieMorganLAB,2,Labour
Eluned_Morgan,KenSkatesAM,2,Labour
Eluned_Morgan,Kirsty_Williams,1,Labour
Eluned_Morgan,LeanneWood,3,Labour
Eluned_Morgan,MarkDrakeford,1,Labour
Eluned_Morgan,MikeHedgesAM,2,Labour
Eluned_Morgan,NathanGillMEP,1,Labour
Eluned_Morgan,NeilUKIP,4,Labour
Eluned_Morgan,RebeccaEvansAM,5,Labour
Eluned_Morgan,SimonThomasAC,5,Labour
Eluned_Morgan,_Adam_Price,3,Labour
Eluned_Morgan,ann_jonesam,1,Labour
Eluned_Morgan,carlsargeant1,1,Labour
Eluned_Morgan,hannahblythyn,2,Labour
Eluned_Morgan,huw4ogmore,5,Labour
Eluned_Morgan,rhi4islwyn,1,Labour
Eluned_Morgan,siangwenfelin,1,Labour
Eluned_Morgan,suzydaviesam,2,Labour
Eluned_Morgan,vaughangething,1,Labour
JBryantWales,AMCarwyn,25,Labour
JBryantWales,AlunDaviesAM,6,Labour
JBryantWales,Amanwy,2,Labour
JBryantWales,AngelaBurnsAM,1,Labour
JBryantWales,DavidReesAM,3,Labour
JBryantWales,Dawn_Bowden,2,Labour
JBryantWales,Eluned_Morgan,6,Labour
JBryantWales,JGriffithsLab,12,Labour
JBryantWales,JaneHutt,6,Labour
JBryantWales,JennyRathbone,7,Labour
JBryantWales,Jeremy_Miles,2,Labour
JBryantWales,JulieJamesAM,5,Labour
JBryantWales,JulieMorganLAB,10,Labour
JBryantWales,KenSkatesAM,3,Labour
JBryantWales,LeanneWood,1,Labour
JBryantWales,MarkDrakeford,3,Labour
JBryantWales,MarkReckless,1,Labour
JBryantWales,MickAntoniw1,5,Labour
JBryantWales,MikeHedgesAM,1,Labour
JBryantWales,RebeccaEvansAM,13,Labour
JBryantWales,RhunapIorwerth,1,Labour
JBryantWales,SimonThomasAC,1,Labour
JBryantWales,VikkiHowells,5,Labour
JBryantWales,ann_jonesam,1,Labour
JBryantWales,carlsargeant1,6,Labour
JBryantWales,carolineUKIP,1,Labour
JBryantWales,hannahblythyn,15,Labour
JBryantWales,huw4ogmore,6,Labour
JBryantWales,siangwenfelin,1,Labour
JBryantWales,vaughangething,14,Labour
JFinchSaunders,AMCarwyn,5,Conservative
JFinchSaunders,AlunDaviesAM,2,Conservative
JFinchSaunders,AndrewRTDavies,186,Conservative
JFinchSaunders,AngelaBurnsAM,15,Conservative
JFinchSaunders,DarrenMillarAM,50,Conservative
JFinchSaunders,DavidReesAM,2,Conservative
JFinchSaunders,ElinCeredigion,5,Conservative
JFinchSaunders,ElisThomasD,2,Conservative
JFinchSaunders,Eluned_Morgan,1,Conservative
JFinchSaunders,GarethBennettAM,2,Conservative
JFinchSaunders,JGriffithsLab,3,Conservative
JFinchSaunders,JennyRathbone,3,Conservative
JFinchSaunders,Jeremy_Miles,6,Conservative
JFinchSaunders,JoyceWatsonam,6,Conservative
JFinchSaunders,JulieMorganLAB,1,Conservative
JFinchSaunders,KenSkatesAM,1,Conservative
JFinchSaunders,Kirsty_Williams,1,Conservative
JFinchSaunders,LeanneWood,12,Conservative
JFinchSaunders,LlyrGruffydd,8,Conservative
JFinchSaunders,MarkIsherwoodAM,29,Conservative
JFinchSaunders,MohammadAsghar,3,Conservative
JFinchSaunders,NathanGillMEP,2,Conservative
JFinchSaunders,NeilUKIP,6,Conservative
JFinchSaunders,NickRamsayAM,27,Conservative
JFinchSaunders,RebeccaEvansAM,2,Conservative
JFinchSaunders,RhunapIorwerth,2,Conservative
JFinchSaunders,SimonThomasAC,3,Conservative
JFinchSaunders,_Adam_Price,1,Conservative
JFinchSaunders,ann_jonesam,2,Conservative
JFinchSaunders,bethanjenkins,2,Conservative
JFinchSaunders,carlsargeant1,2,Conservative
JFinchSaunders,hef4caerphilly,1,Conservative
JFinchSaunders,russ_george,12,Conservative
JFinchSaunders,siangwenfelin,3,Conservative
JFinchSaunders,suzydaviesam,10,Conservative
JFinchSaunders,vaughangething,2,Conservative
JGriffithsLab,AMCarwyn,2,Labour
JGriffithsLab,AlunDaviesAM,1,Labour
JGriffithsLab,DavidReesAM,4,Labour
JGriffithsLab,ElinCeredigion,1,Labour
JGriffithsLab,Eluned_Morgan,1,Labour
JGriffithsLab,JBryantWales,58,Labour
JGriffithsLab,JaneHutt,1,Labour
JGriffithsLab,JennyRathbone,2,Labour
JGriffithsLab,JulieMorganLAB,1,Labour
JGriffithsLab,MickAntoniw1,2,Labour
JGriffithsLab,RebeccaEvansAM,3,Labour
JGriffithsLab,ann_jonesam,1,Labour
JGriffithsLab,carlsargeant1,3,Labour
JGriffithsLab,hannahblythyn,1,Labour
JGriffithsLab,lesley4wrexham,2,Labour
JGriffithsLab,vaughangething,2,Labour
JaneHutt,AMCarwyn,5,Labour
JaneHutt,AlunDaviesAM,4,Labour
JaneHutt,Amanwy,2,Labour
JaneHutt,AndrewRTDavies,1,Labour
JaneHutt,AngelaBurnsAM,1,Labour
JaneHutt,DarrenMillarAM,1,Labour
JaneHutt,Dawn_Bowden,1,Labour
JaneHutt,ElinCeredigion,3,Labour
JaneHutt,Eluned_Morgan,2,Labour
JaneHutt,JennyRathbone,8,Labour
JaneHutt,JulieJamesAM,3,Labour
JaneHutt,JulieMorganLAB,17,Labour
JaneHutt,KenSkatesAM,2,Labour
JaneHutt,Kirsty_Williams,2,Labour
JaneHutt,LeanneWood,1,Labour
JaneHutt,MarkDrakeford,1,Labour
JaneHutt,RebeccaEvansAM,7,Labour
JaneHutt,ann_jonesam,5,Labour
JaneHutt,bethanjenkins,1,Labour
JaneHutt,carlsargeant1,2,Labour
JaneHutt,russ_george,1,Labour
JaneHutt,vaughangething,17,Labour
JennyRathbone,AMCarwyn,2,Labour
JennyRathbone,AlunDaviesAM,9,Labour
JennyRathbone,Amanwy,8,Labour
JennyRathbone,AndrewRTDavies,4,Labour
JennyRathbone,AngelaBurnsAM,1,Labour
JennyRathbone,DarrenMillarAM,2,Labour
JennyRathbone,DavidReesAM,1,Labour
JennyRathbone,Dawn_Bowden,1,Labour
JennyRathbone,ElinCeredigion,2,Labour
JennyRathbone,ElisThomasD,4,Labour
JennyRathbone,Eluned_Morgan,11,Labour
JennyRathbone,JBryantWales,5,Labour
JennyRathbone,JGriffithsLab,1,Labour
JennyRathbone,JaneHutt,9,Labour
JennyRathbone,Jeremy_Miles,2,Labour
JennyRathbone,JoyceWatsonam,2,Labour
JennyRathbone,JulieJamesAM,2,Labour
JennyRathbone,JulieMorganLAB,36,Labour
JennyRathbone,KenSkatesAM,7,Labour
JennyRathbone,Kirsty_Williams,5,Labour
JennyRathbone,LeanneWood,1,Labour
JennyRathbone,LlyrGruffydd,2,Labour
JennyRathbone,MarkDrakeford,7,Labour
JennyRathbone,MickAntoniw1,4,Labour
JennyRathbone,MikeHedgesAM,1,Labour
JennyRathbone,NathanGillMEP,3,Labour
JennyRathbone,RebeccaEvansAM,5,Labour
JennyRathbone,RhunapIorwerth,2,Labour
JennyRathbone,SimonThomasAC,1,Labour
JennyRathbone,ann_jonesam,6,Labour
JennyRathbone,bethanjenkins,3,Labour
JennyRathbone,carlsargeant1,24,Labour
JennyRathbone,hannahblythyn,3,Labour
JennyRathbone,lesley4wrexham,5,Labour
JennyRathbone,rhi4islwyn,1,Labour
JennyRathbone,russ_george,2,Labour
JennyRathbone,vaughangething,15,Labour
Jeremy_Miles,AMCarwyn,28,Labour
Jeremy_Miles,AlunDaviesAM,12,Labour
Jeremy_Miles,Amanwy,43,Labour
Jeremy_Miles,AndrewRTDavies,7,Labour
Jeremy_Miles,DavidReesAM,20,Labour
Jeremy_Miles,Dawn_Bowden,8,Labour
Jeremy_Miles,ElinCeredigion,1,Labour
Jeremy_Miles,ElisThomasD,2,Labour
Jeremy_Miles,Eluned_Morgan,7,Labour
Jeremy_Miles,JBryantWales,1,Labour
Jeremy_Miles,JFinchSaunders,2,Labour
Jeremy_Miles,JaneHutt,2,Labour
Jeremy_Miles,JennyRathbone,1,Labour
Jeremy_Miles,JulieJamesAM,19,Labour
Jeremy_Miles,JulieMorganLAB,1,Labour
Jeremy_Miles,KenSkatesAM,4,Labour
Jeremy_Miles,Kirsty_Williams,7,Labour
Jeremy_Miles,LeanneWood,10,Labour
Jeremy_Miles,LlyrGruffydd,2,Labour
Jeremy_Miles,MarkIsherwoodAM,4,Labour
Jeremy_Miles,MarkReckless,1,Labour
Jeremy_Miles,MickAntoniw1,10,Labour
Jeremy_Miles,MikeHedgesAM,8,Labour
Jeremy_Miles,NathanGillMEP,3,Labour
Jeremy_Miles,NeilUKIP,3,Labour
Jeremy_Miles,NickRamsayAM,1,Labour
Jeremy_Miles,RebeccaEvansAM,36,Labour
Jeremy_Miles,RhunapIorwerth,7,Labour
Jeremy_Miles,SimonThomasAC,3,Labour
Jeremy_Miles,VikkiHowells,11,Labour
Jeremy_Miles,_Adam_Price,5,Labour
Jeremy_Miles,ann_jonesam,3,Labour
Jeremy_Miles,bethanjenkins,14,Labour
Jeremy_Miles,carlsargeant1,7,Labour
Jeremy_Miles,carolineUKIP,6,Labour
Jeremy_Miles,hannahblythyn,26,Labour
Jeremy_Miles,hef4caerphilly,13,Labour
Jeremy_Miles,huw4ogmore,8,Labour
Jeremy_Miles,lesley4wrexham,1,Labour
Jeremy_Miles,neiljmcevoy,4,Labour
Jeremy_Miles,rhi4islwyn,6,Labour
Jeremy_Miles,siangwenfelin,1,Labour
Jeremy_Miles,suzydaviesam,5,Labour
Jeremy_Miles,vaughangething,12,Labour
JoyceWatsonam,AMCarwyn,2,Labour
JoyceWatsonam,Amanwy,4,Labour
JoyceWatsonam,DavidReesAM,2,Labour
JoyceWatsonam,Eluned_Morgan,3,Labour
JoyceWatsonam,JaneHutt,1,Labour
JoyceWatsonam,JennyRathbone,1,Labour
JoyceWatsonam,JulieJamesAM,4,Labour
JoyceWatsonam,JulieMorganLAB,1,Labour
JoyceWatsonam,LeanneWood,1,Labour
JoyceWatsonam,MarkDrakeford,3,Labour
JoyceWatsonam,MarkReckless,1,Labour
JoyceWatsonam,MikeHedgesAM,1,Labour
JoyceWatsonam,RebeccaEvansAM,4,Labour
JoyceWatsonam,RhunapIorwerth,2,Labour
JoyceWatsonam,SimonThomasAC,3,Labour
JoyceWatsonam,ann_jonesam,1,Labour
JoyceWatsonam,bethanjenkins,1,Labour
JoyceWatsonam,russ_george,5,Labour
JoyceWatsonam,suzydaviesam,1,Labour
JoyceWatsonam,vaughangething,3,Labour
JulieJamesAM,AMCarwyn,9,Labour
JulieJamesAM,AlunDaviesAM,11,Labour
JulieJamesAM,Amanwy,67,Labour
JulieJamesAM,AndrewRTDavies,8,Labour
JulieJamesAM,DarrenMillarAM,1,Labour
JulieJamesAM,DavidReesAM,11,Labour
JulieJamesAM,Dawn_Bowden,31,Labour
JulieJamesAM,ElinCeredigion,1,Labour
JulieJamesAM,Eluned_Morgan,17,Labour
JulieJamesAM,JBryantWales,28,Labour
JulieJamesAM,JGriffithsLab,2,Labour
JulieJamesAM,JaneHutt,30,Labour
JulieJamesAM,JennyRathbone,29,Labour
JulieJamesAM,Jeremy_Miles,39,Labour
JulieJamesAM,JoyceWatsonam,15,Labour
JulieJamesAM,JulieMorganLAB,22,Labour
JulieJamesAM,KenSkatesAM,3,Labour
JulieJamesAM,Kirsty_Williams,13,Labour
JulieJamesAM,LeanneWood,8,Labour
JulieJamesAM,LlyrGruffydd,1,Labour
JulieJamesAM,MarkDrakeford,5,Labour
JulieJamesAM,MickAntoniw1,17,Labour
JulieJamesAM,MikeHedgesAM,26,Labour
JulieJamesAM,NathanGillMEP,10,Labour
JulieJamesAM,NeilUKIP,5,Labour
JulieJamesAM,RebeccaEvansAM,27,Labour
JulieJamesAM,RhunapIorwerth,1,Labour
JulieJamesAM,SimonThomasAC,5,Labour
JulieJamesAM,VikkiHowells,13,Labour
JulieJamesAM,_Adam_Price,1,Labour
JulieJamesAM,ann_jonesam,3,Labour
JulieJamesAM,bethanjenkins,11,Labour
JulieJamesAM,carlsargeant1,22,Labour
JulieJamesAM,hannahblythyn,24,Labour
JulieJamesAM,hef4caerphilly,8,Labour
JulieJamesAM,huw4ogmore,17,Labour
JulieJamesAM,lesley4wrexham,23,Labour
JulieJamesAM,neiljmcevoy,1,Labour
JulieJamesAM,rhi4islwyn,8,Labour
JulieJamesAM,russ_george,1,Labour
JulieJamesAM,suzydaviesam,3,Labour
JulieJamesAM,vaughangething,25,Labour
JulieMorganLAB,AMCarwyn,2,Labour
JulieMorganLAB,AlunDaviesAM,2,Labour
JulieMorganLAB,Amanwy,1,Labour
JulieMorganLAB,AndrewRTDavies,1,Labour
JulieMorganLAB,DarrenMillarAM,3,Labour
JulieMorganLAB,DavidReesAM,6,Labour
JulieMorganLAB,Dawn_Bowden,3,Labour
JulieMorganLAB,ElinCeredigion,3,Labour
JulieMorganLAB,ElisThomasD,1,Labour
JulieMorganLAB,Eluned_Morgan,1,Labour
JulieMorganLAB,JBryantWales,2,Labour
JulieMorganLAB,JaneHutt,17,Labour
JulieMorganLAB,JennyRathbone,27,Labour
JulieMorganLAB,Jeremy_Miles,1,Labour
JulieMorganLAB,JoyceWatsonam,1,Labour
JulieMorganLAB,JulieJamesAM,13,Labour
JulieMorganLAB,KenSkatesAM,3,Labour
JulieMorganLAB,Kirsty_Williams,2,Labour
JulieMorganLAB,LeanneWood,1,Labour
JulieMorganLAB,LlyrGruffydd,2,Labour
JulieMorganLAB,MarkDrakeford,9,Labour
JulieMorganLAB,MarkIsherwoodAM,4,Labour
JulieMorganLAB,MickAntoniw1,8,Labour
JulieMorganLAB,MikeHedgesAM,14,Labour
JulieMorganLAB,RebeccaEvansAM,4,Labour
JulieMorganLAB,RhunapIorwerth,2,Labour
JulieMorganLAB,SimonThomasAC,1,Labour
JulieMorganLAB,ann_jonesam,1,Labour
JulieMorganLAB,bethanjenkins,5,Labour
JulieMorganLAB,carlsargeant1,7,Labour
JulieMorganLAB,hannahblythyn,4,Labour
JulieMorganLAB,hef4caerphilly,4,Labour
JulieMorganLAB,huw4ogmore,1,Labour
JulieMorganLAB,lesley4wrexham,6,Labour
JulieMorganLAB,neiljmcevoy,1,Labour
JulieMorganLAB,russ_george,2,Labour
JulieMorganLAB,suzydaviesam,1,Labour
JulieMorganLAB,vaughangething,11,Labour
KenSkatesAM,AMCarwyn,17,Labour
KenSkatesAM,AlunDaviesAM,6,Labour
KenSkatesAM,Amanwy,3,Labour
KenSkatesAM,AndrewRTDavies,12,Labour
KenSkatesAM,DarrenMillarAM,3,Labour
KenSkatesAM,DavidReesAM,3,Labour
KenSkatesAM,ElisThomasD,1,Labour
KenSkatesAM,Eluned_Morgan,1,Labour
KenSkatesAM,JBryantWales,4,Labour
KenSkatesAM,JaneHutt,7,Labour
KenSkatesAM,JennyRathbone,2,Labour
KenSkatesAM,JulieJamesAM,4,Labour
KenSkatesAM,Kirsty_Williams,2,Labour
KenSkatesAM,LeanneWood,3,Labour
KenSkatesAM,LlyrGruffydd,6,Labour
KenSkatesAM,MarkDrakeford,8,Labour
KenSkatesAM,MarkIsherwoodAM,3,Labour
KenSkatesAM,MickAntoniw1,2,Labour
KenSkatesAM,MikeHedgesAM,6,Labour
KenSkatesAM,MohammadAsghar,1,Labour
KenSkatesAM,RebeccaEvansAM,16,Labour
KenSkatesAM,_Adam_Price,1,Labour
KenSkatesAM,ann_jonesam,22,Labour
KenSkatesAM,bethanjenkins,4,Labour
KenSkatesAM,carlsargeant1,36,Labour
KenSkatesAM,hannahblythyn,27,Labour
KenSkatesAM,lesley4wrexham,60,Labour
KenSkatesAM,russ_george,3,Labour
KenSkatesAM,vaughangething,32,Labour
Kirsty_Williams,AlunDaviesAM,1,Liberal Democrat
Kirsty_Williams,Amanwy,2,Liberal Democrat
Kirsty_Williams,AndrewRTDavies,8,Liberal Democrat
Kirsty_Williams,DarrenMillarAM,5,Liberal Democrat
Kirsty_Williams,DavidReesAM,3,Liberal Democrat
Kirsty_Williams,ElinCeredigion,5,Liberal Democrat
Kirsty_Williams,JFinchSaunders,2,Liberal Democrat
Kirsty_Williams,JaneHutt,3,Liberal Democrat
Kirsty_Williams,JennyRathbone,1,Liberal Democrat
Kirsty_Williams,JulieMorganLAB,2,Liberal Democrat
Kirsty_Williams,KenSkatesAM,2,Liberal Democrat
Kirsty_Williams,LeanneWood,13,Liberal Democrat
Kirsty_Williams,MarkDrakeford,2,Liberal Democrat
Kirsty_Williams,NeilUKIP,1,Liberal Democrat
Kirsty_Williams,RebeccaEvansAM,6,Liberal Democrat
Kirsty_Williams,ann_jonesam,2,Liberal Democrat
Kirsty_Williams,bethanjenkins,4,Liberal Democrat
Kirsty_Williams,carlsargeant1,2,Liberal Democrat
LeanneWood,AMCarwyn,1,Plaid Cymru
LeanneWood,AndrewRTDavies,6,Plaid Cymru
LeanneWood,DavidReesAM,1,Plaid Cymru
LeanneWood,ElinCeredigion,86,Plaid Cymru
LeanneWood,ElisThomasD,1,Plaid Cymru
LeanneWood,KenSkatesAM,1,Plaid Cymru
LeanneWood,Kirsty_Williams,5,Plaid Cymru
LeanneWood,LlyrGruffydd,38,Plaid Cymru
LeanneWood,MarkReckless,1,Plaid Cymru
LeanneWood,NathanGillMEP,3,Plaid Cymru
LeanneWood,RhunapIorwerth,51,Plaid Cymru
LeanneWood,SimonThomasAC,43,Plaid Cymru
LeanneWood,_Adam_Price,43,Plaid Cymru
LeanneWood,bethanjenkins,14,Plaid Cymru
LeanneWood,neiljmcevoy,12,Plaid Cymru
LeanneWood,siangwenfelin,35,Plaid Cymru
LlyrGruffydd,AMCarwyn,5,Plaid Cymru
LlyrGruffydd,AlunDaviesAM,6,Plaid Cymru
LlyrGruffydd,Amanwy,7,Plaid Cymru
LlyrGruffydd,AndrewRTDavies,6,Plaid Cymru
LlyrGruffydd,AngelaBurnsAM,1,Plaid Cymru
LlyrGruffydd,DarrenMillarAM,15,Plaid Cymru
LlyrGruffydd,ElinCeredigion,68,Plaid Cymru
LlyrGruffydd,ElisThomasD,16,Plaid Cymru
LlyrGruffydd,JBryantWales,1,Plaid Cymru
LlyrGruffydd,JFinchSaunders,6,Plaid Cymru
LlyrGruffydd,JaneHutt,1,Plaid Cymru
LlyrGruffydd,JennyRathbone,6,Plaid Cymru
LlyrGruffydd,Jeremy_Miles,1,Plaid Cymru
LlyrGruffydd,JoyceWatsonam,2,Plaid Cymru
LlyrGruffydd,JulieJamesAM,3,Plaid Cymru
LlyrGruffydd,JulieMorganLAB,4,Plaid Cymru
LlyrGruffydd,KenSkatesAM,7,Plaid Cymru
LlyrGruffydd,Kirsty_Williams,5,Plaid Cymru
LlyrGruffydd,LeanneWood,181,Plaid Cymru
LlyrGruffydd,MarkDrakeford,1,Plaid Cymru
LlyrGruffydd,MarkIsherwoodAM,6,Plaid Cymru
LlyrGruffydd,MarkReckless,1,Plaid Cymru
LlyrGruffydd,MickAntoniw1,2,Plaid Cymru
LlyrGruffydd,MohammadAsghar,1,Plaid Cymru
LlyrGruffydd,NathanGillMEP,7,Plaid Cymru
LlyrGruffydd,NeilUKIP,2,Plaid Cymru
LlyrGruffydd,NickRamsayAM,1,Plaid Cymru
LlyrGruffydd,RebeccaEvansAM,11,Plaid Cymru
LlyrGruffydd,RhunapIorwerth,73,Plaid Cymru
LlyrGruffydd,SimonThomasAC,45,Plaid Cymru
LlyrGruffydd,_Adam_Price,6,Plaid Cymru
LlyrGruffydd,ann_jonesam,3,Plaid Cymru
LlyrGruffydd,bethanjenkins,22,Plaid Cymru
LlyrGruffydd,carlsargeant1,4,Plaid Cymru
LlyrGruffydd,huw4ogmore,1,Plaid Cymru
LlyrGruffydd,lesley4wrexham,5,Plaid Cymru
LlyrGruffydd,neiljmcevoy,8,Plaid Cymru
LlyrGruffydd,russ_george,9,Plaid Cymru
LlyrGruffydd,siangwenfelin,20,Plaid Cymru
LlyrGruffydd,suzydaviesam,2,Plaid Cymru
MarkDrakeford,AlunDaviesAM,2,Labour
MarkDrakeford,AndrewRTDavies,2,Labour
MarkDrakeford,JaneHutt,1,Labour
MarkDrakeford,JennyRathbone,1,Labour
MarkDrakeford,JulieMorganLAB,6,Labour
MarkDrakeford,KenSkatesAM,2,Labour
MarkDrakeford,Kirsty_Williams,1,Labour
MarkDrakeford,LeanneWood,1,Labour
MarkDrakeford,MickAntoniw1,1,Labour
MarkDrakeford,RebeccaEvansAM,1,Labour
MarkDrakeford,ann_jonesam,1,Labour
MarkDrakeford,neiljmcevoy,3,Labour
MarkDrakeford,vaughangething,3,Labour
MarkIsherwoodAM,AMCarwyn,14,Conservative
MarkIsherwoodAM,AlunDaviesAM,6,Conservative
MarkIsherwoodAM,Amanwy,2,Conservative
MarkIsherwoodAM,AndrewRTDavies,153,Conservative
MarkIsherwoodAM,AngelaBurnsAM,17,Conservative
MarkIsherwoodAM,DarrenMillarAM,150,Conservative
MarkIsherwoodAM,DavidReesAM,4,Conservative
MarkIsherwoodAM,ElinCeredigion,10,Conservative
MarkIsherwoodAM,JFinchSaunders,57,Conservative
MarkIsherwoodAM,JaneHutt,2,Conservative
MarkIsherwoodAM,JennyRathbone,8,Conservative
MarkIsherwoodAM,Jeremy_Miles,5,Conservative
MarkIsherwoodAM,JoyceWatsonam,2,Conservative
MarkIsherwoodAM,JulieJamesAM,4,Conservative
MarkIsherwoodAM,JulieMorganLAB,10,Conservative
MarkIsherwoodAM,KenSkatesAM,7,Conservative
MarkIsherwoodAM,Kirsty_Williams,4,Conservative
MarkIsherwoodAM,LeanneWood,5,Conservative
MarkIsherwoodAM,LlyrGruffydd,19,Conservative
MarkIsherwoodAM,MarkDrakeford,2,Conservative
MarkIsherwoodAM,MarkReckless,2,Conservative
MarkIsherwoodAM,MickAntoniw1,5,Conservative
MarkIsherwoodAM,MikeHedgesAM,22,Conservative
MarkIsherwoodAM,MohammadAsghar,6,Conservative
MarkIsherwoodAM,NathanGillMEP,3,Conservative
MarkIsherwoodAM,NeilUKIP,1,Conservative
MarkIsherwoodAM,NickRamsayAM,13,Conservative
MarkIsherwoodAM,RebeccaEvansAM,2,Conservative
MarkIsherwoodAM,RhunapIorwerth,15,Conservative
MarkIsherwoodAM,SimonThomasAC,7,Conservative
MarkIsherwoodAM,UKIPNorthWales,1,Conservative
MarkIsherwoodAM,ann_jonesam,15,Conservative
MarkIsherwoodAM,bethanjenkins,2,Conservative
MarkIsherwoodAM,carlsargeant1,8,Conservative
MarkIsherwoodAM,carolineUKIP,5,Conservative
MarkIsherwoodAM,hannahblythyn,6,Conservative
MarkIsherwoodAM,lesley4wrexham,12,Conservative
MarkIsherwoodAM,neiljmcevoy,10,Conservative
MarkIsherwoodAM,rhi4islwyn,1,Conservative
MarkIsherwoodAM,russ_george,17,Conservative
MarkIsherwoodAM,siangwenfelin,2,Conservative
MarkIsherwoodAM,suzydaviesam,18,Conservative
MarkIsherwoodAM,vaughangething,1,Conservative
MarkReckless,AMCarwyn,8,UKIP
MarkReckless,Amanwy,1,UKIP
MarkReckless,AndrewRTDavies,17,UKIP
MarkReckless,DavidReesAM,1,UKIP
MarkReckless,DavidRowlandsAM,4,UKIP
MarkReckless,ElinCeredigion,4,UKIP
MarkReckless,ElisThomasD,1,UKIP
MarkReckless,JBryantWales,2,UKIP
MarkReckless,JennyRathbone,1,UKIP
MarkReckless,Jeremy_Miles,1,UKIP
MarkReckless,KenSkatesAM,10,UKIP
MarkReckless,Kirsty_Williams,5,UKIP
MarkReckless,LeanneWood,19,UKIP
MarkReckless,MarkDrakeford,1,UKIP
MarkReckless,MarkIsherwoodAM,1,UKIP
MarkReckless,MikeHedgesAM,2,UKIP
MarkReckless,NathanGillMEP,40,UKIP
MarkReckless,NeilUKIP,11,UKIP
MarkReckless,RhunapIorwerth,2,UKIP
MarkReckless,SimonThomasAC,4,UKIP
MarkReckless,UKIPNorthWales,1,UKIP
MarkReckless,VikkiHowells,1,UKIP
MarkReckless,bethanjenkins,2,UKIP
MarkReckless,carolineUKIP,4,UKIP
MarkReckless,huw4ogmore,5,UKIP
MarkReckless,suzydaviesam,1,UKIP
MarkReckless,vaughangething,1,UKIP
MickAntoniw1,AMCarwyn,25,Labour
MickAntoniw1,AlunDaviesAM,16,Labour
MickAntoniw1,Amanwy,9,Labour
MickAntoniw1,AndrewRTDavies,12,Labour
MickAntoniw1,DarrenMillarAM,2,Labour
MickAntoniw1,DavidReesAM,6,Labour
MickAntoniw1,Dawn_Bowden,10,Labour
MickAntoniw1,ElisThomasD,2,Labour
MickAntoniw1,Eluned_Morgan,4,Labour
MickAntoniw1,JBryantWales,1,Labour
MickAntoniw1,JGriffithsLab,1,Labour
MickAntoniw1,JaneHutt,13,Labour
MickAntoniw1,JennyRathbone,8,Labour
MickAntoniw1,Jeremy_Miles,12,Labour
MickAntoniw1,JulieJamesAM,3,Labour
MickAntoniw1,JulieMorganLAB,6,Labour
MickAntoniw1,KenSkatesAM,5,Labour
MickAntoniw1,Kirsty_Williams,1,Labour
MickAntoniw1,LeanneWood,16,Labour
MickAntoniw1,LlyrGruffydd,1,Labour
MickAntoniw1,MarkDrakeford,4,Labour
MickAntoniw1,MikeHedgesAM,3,Labour
MickAntoniw1,NathanGillMEP,5,Labour
MickAntoniw1,NeilUKIP,3,Labour
MickAntoniw1,NickRamsayAM,9,Labour
MickAntoniw1,RebeccaEvansAM,5,Labour
MickAntoniw1,RhunapIorwerth,9,Labour
MickAntoniw1,VikkiHowells,11,Labour
MickAntoniw1,bethanjenkins,3,Labour
MickAntoniw1,carlsargeant1,6,Labour
MickAntoniw1,hannahblythyn,3,Labour
MickAntoniw1,hef4caerphilly,1,Labour
MickAntoniw1,huw4ogmore,3,Labour
MickAntoniw1,lesley4wrexham,2,Labour
MickAntoniw1,neiljmcevoy,2,Labour
MickAntoniw1,rhi4islwyn,1,Labour
MickAntoniw1,siangwenfelin,1,Labour
MickAntoniw1,suzydaviesam,5,Labour
MickAntoniw1,vaughangething,16,Labour
MikeHedgesAM,AMCarwyn,3,Labour
MikeHedgesAM,AlunDaviesAM,8,Labour
MikeHedgesAM,Amanwy,11,Labour
MikeHedgesAM,AndrewRTDavies,10,Labour
MikeHedgesAM,AngelaBurnsAM,3,Labour
MikeHedgesAM,DarrenMillarAM,6,Labour
MikeHedgesAM,DavidReesAM,20,Labour
MikeHedgesAM,Dawn_Bowden,9,Labour
MikeHedgesAM,ElinCeredigion,1,Labour
MikeHedgesAM,ElisThomasD,2,Labour
MikeHedgesAM,Eluned_Morgan,3,Labour
MikeHedgesAM,JBryantWales,15,Labour
MikeHedgesAM,JFinchSaunders,11,Labour
MikeHedgesAM,JaneHutt,9,Labour
MikeHedgesAM,JennyRathbone,5,Labour
MikeHedgesAM,Jeremy_Miles,10,Labour
MikeHedgesAM,JulieJamesAM,50,Labour
MikeHedgesAM,JulieMorganLAB,13,Labour
MikeHedgesAM,KenSkatesAM,9,Labour
MikeHedgesAM,Kirsty_Williams,3,Labour
MikeHedgesAM,LeanneWood,12,Labour
MikeHedgesAM,LlyrGruffydd,1,Labour
MikeHedgesAM,MarkDrakeford,4,Labour
MikeHedgesAM,MarkIsherwoodAM,8,Labour
MikeHedgesAM,MarkReckless,2,Labour
MikeHedgesAM,MickAntoniw1,2,Labour
MikeHedgesAM,NathanGillMEP,1,Labour
MikeHedgesAM,NickRamsayAM,3,Labour
MikeHedgesAM,RebeccaEvansAM,20,Labour
MikeHedgesAM,RhunapIorwerth,3,Labour
MikeHedgesAM,SimonThomasAC,2,Labour
MikeHedgesAM,_Adam_Price,1,Labour
MikeHedgesAM,ann_jonesam,10,Labour
MikeHedgesAM,bethanjenkins,18,Labour
MikeHedgesAM,carlsargeant1,22,Labour
MikeHedgesAM,hannahblythyn,2,Labour
MikeHedgesAM,huw4ogmore,1,Labour
MikeHedgesAM,lesley4wrexham,23,Labour
MikeHedgesAM,russ_george,1,Labour
MikeHedgesAM,suzydaviesam,18,Labour
MikeHedgesAM,vaughangething,25,Labour
MohammadAsghar,AndrewRTDavies,19,Conservative
MohammadAsghar,AngelaBurnsAM,7,Conservative
MohammadAsghar,DarrenMillarAM,9,Conservative
MohammadAsghar,ElisThomasD,1,Conservative
MohammadAsghar,JBryantWales,1,Conservative
MohammadAsghar,JFinchSaunders,14,Conservative
MohammadAsghar,JGriffithsLab,1,Conservative
MohammadAsghar,JennyRathbone,1,Conservative
MohammadAsghar,JoyceWatsonam,2,Conservative
MohammadAsghar,JulieMorganLAB,3,Conservative
MohammadAsghar,KenSkatesAM,1,Conservative
MohammadAsghar,Kirsty_Williams,2,Conservative
MohammadAsghar,MarkIsherwoodAM,6,Conservative
MohammadAsghar,MarkReckless,1,Conservative
MohammadAsghar,MikeHedgesAM,7,Conservative
MohammadAsghar,NickRamsayAM,30,Conservative
MohammadAsghar,RebeccaEvansAM,4,Conservative
MohammadAsghar,RhunapIorwerth,1,Conservative
MohammadAsghar,ann_jonesam,3,Conservative
MohammadAsghar,bethanjenkins,1,Conservative
MohammadAsghar,russ_george,6,Conservative
MohammadAsghar,suzydaviesam,2,Conservative
MohammadAsghar,vaughangething,2,Conservative
NathanGillMEP,AMCarwyn,1,UKIP
NathanGillMEP,Amanwy,5,UKIP
NathanGillMEP,AndrewRTDavies,12,UKIP
NathanGillMEP,DarrenMillarAM,1,UKIP
NathanGillMEP,DavidRowlandsAM,3,UKIP
NathanGillMEP,ElisThomasD,1,UKIP
NathanGillMEP,Eluned_Morgan,2,UKIP
NathanGillMEP,JaneHutt,2,UKIP
NathanGillMEP,JulieMorganLAB,1,UKIP
NathanGillMEP,Kirsty_Williams,1,UKIP
NathanGillMEP,LeanneWood,5,UKIP
NathanGillMEP,MarkReckless,51,UKIP
NathanGillMEP,MickAntoniw1,1,UKIP
NathanGillMEP,MikeHedgesAM,1,UKIP
NathanGillMEP,NeilUKIP,11,UKIP
NathanGillMEP,NickRamsayAM,1,UKIP
NathanGillMEP,RhunapIorwerth,3,UKIP
NathanGillMEP,ann_jonesam,1,UKIP
NathanGillMEP,bethanjenkins,1,UKIP
NathanGillMEP,carolineUKIP,6,UKIP
NathanGillMEP,huw4ogmore,1,UKIP
NathanGillMEP,neiljmcevoy,1,UKIP
NathanGillMEP,siangwenfelin,1,UKIP
NeilUKIP,AMCarwyn,2,UKIP
NeilUKIP,AlunDaviesAM,1,UKIP
NeilUKIP,Amanwy,3,UKIP
NeilUKIP,AndrewRTDavies,6,UKIP
NeilUKIP,AngelaBurnsAM,2,UKIP
NeilUKIP,DavidRowlandsAM,2,UKIP
NeilUKIP,ElinCeredigion,3,UKIP
NeilUKIP,ElisThomasD,1,UKIP
NeilUKIP,Eluned_Morgan,6,UKIP
NeilUKIP,GarethBennettAM,1,UKIP
NeilUKIP,JFinchSaunders,4,UKIP
NeilUKIP,JaneHutt,1,UKIP
NeilUKIP,Jeremy_Miles,4,UKIP
NeilUKIP,JoyceWatsonam,1,UKIP
NeilUKIP,KenSkatesAM,3,UKIP
NeilUKIP,Kirsty_Williams,4,UKIP
NeilUKIP,LeanneWood,5,UKIP
NeilUKIP,MarkReckless,16,UKIP
NeilUKIP,MikeHedgesAM,1,UKIP
NeilUKIP,NathanGillMEP,2,UKIP
NeilUKIP,NickRamsayAM,1,UKIP
NeilUKIP,RhunapIorwerth,1,UKIP
NeilUKIP,SimonThomasAC,3,UKIP
NeilUKIP,UKIPNorthWales,3,UKIP
NeilUKIP,VikkiHowells,1,UKIP
NeilUKIP,_Adam_Price,3,UKIP
NeilUKIP,bethanjenkins,2,UKIP
NeilUKIP,carolineUKIP,5,UKIP
NeilUKIP,hef4caerphilly,1,UKIP
NeilUKIP,huw4ogmore,1,UKIP
NeilUKIP,rhi4islwyn,1,UKIP
NickRamsayAM,AMCarwyn,1,Conservative
NickRamsayAM,AlunDaviesAM,7,Conservative
NickRamsayAM,Amanwy,5,Conservative
NickRamsayAM,AndrewRTDavies,26,Conservative
NickRamsayAM,AngelaBurnsAM,3,Conservative
NickRamsayAM,DarrenMillarAM,6,Conservative
NickRamsayAM,DavidReesAM,2,Conservative
NickRamsayAM,ElinCeredigion,3,Conservative
NickRamsayAM,ElisThomasD,6,Conservative
NickRamsayAM,Eluned_Morgan,3,Conservative
NickRamsayAM,JBryantWales,1,Conservative
NickRamsayAM,JFinchSaunders,20,Conservative
NickRamsayAM,JaneHutt,1,Conservative
NickRamsayAM,JennyRathbone,7,Conservative
NickRamsayAM,JulieJamesAM,2,Conservative
NickRamsayAM,JulieMorganLAB,3,Conservative
NickRamsayAM,KenSkatesAM,1,Conservative
NickRamsayAM,Kirsty_Williams,3,Conservative
NickRamsayAM,LeanneWood,3,Conservative
NickRamsayAM,LlyrGruffydd,2,Conservative
NickRamsayAM,MarkIsherwoodAM,8,Conservative
NickRamsayAM,MarkReckless,1,Conservative
NickRamsayAM,MickAntoniw1,5,Conservative
NickRamsayAM,MikeHedgesAM,2,Conservative
NickRamsayAM,MohammadAsghar,22,Conservative
NickRamsayAM,NeilUKIP,1,Conservative
NickRamsayAM,RebeccaEvansAM,2,Conservative
NickRamsayAM,RhunapIorwerth,2,Conservative
NickRamsayAM,SimonThomasAC,5,Conservative
NickRamsayAM,bethanjenkins,12,Conservative
NickRamsayAM,huw4ogmore,3,Conservative
NickRamsayAM,rhi4islwyn,3,Conservative
NickRamsayAM,russ_george,3,Conservative
NickRamsayAM,suzydaviesam,6,Conservative
NickRamsayAM,vaughangething,1,Conservative
RebeccaEvansAM,AMCarwyn,23,Labour
RebeccaEvansAM,AlunDaviesAM,8,Labour
RebeccaEvansAM,Amanwy,27,Labour
RebeccaEvansAM,AndrewRTDavies,1,Labour
RebeccaEvansAM,DavidReesAM,7,Labour
RebeccaEvansAM,Dawn_Bowden,3,Labour
RebeccaEvansAM,ElinCeredigion,2,Labour
RebeccaEvansAM,ElisThomasD,3,Labour
RebeccaEvansAM,Eluned_Morgan,5,Labour
RebeccaEvansAM,JBryantWales,3,Labour
RebeccaEvansAM,JFinchSaunders,1,Labour
RebeccaEvansAM,JGriffithsLab,2,Labour
RebeccaEvansAM,JaneHutt,11,Labour
RebeccaEvansAM,JennyRathbone,5,Labour
RebeccaEvansAM,Jeremy_Miles,22,Labour
RebeccaEvansAM,JoyceWatsonam,5,Labour
RebeccaEvansAM,JulieJamesAM,21,Labour
RebeccaEvansAM,JulieMorganLAB,6,Labour
RebeccaEvansAM,KenSkatesAM,10,Labour
RebeccaEvansAM,Kirsty_Williams,7,Labour
RebeccaEvansAM,LeanneWood,10,Labour
RebeccaEvansAM,MarkDrakeford,1,Labour
RebeccaEvansAM,MarkIsherwoodAM,1,Labour
RebeccaEvansAM,MickAntoniw1,6,Labour
RebeccaEvansAM,MikeHedgesAM,6,Labour
RebeccaEvansAM,NathanGillMEP,1,Labour
RebeccaEvansAM,NeilUKIP,2,Labour
RebeccaEvansAM,RhunapIorwerth,1,Labour
RebeccaEvansAM,SimonThomasAC,5,Labour
RebeccaEvansAM,VikkiHowells,1,Labour
RebeccaEvansAM,ann_jonesam,3,Labour
RebeccaEvansAM,carlsargeant1,10,Labour
RebeccaEvansAM,hannahblythyn,6,Labour
RebeccaEvansAM,hef4caerphilly,3,Labour
RebeccaEvansAM,huw4ogmore,10,Labour
RebeccaEvansAM,lesley4wrexham,4,Labour
RebeccaEvansAM,rhi4islwyn,2,Labour
RebeccaEvansAM,russ_george,4,Labour
RebeccaEvansAM,vaughangething,12,Labour
RhunapIorwerth,AMCarwyn,2,Plaid Cymru
RhunapIorwerth,AlunDaviesAM,3,Plaid Cymru
RhunapIorwerth,Amanwy,9,Plaid Cymru
RhunapIorwerth,AndrewRTDavies,3,Plaid Cymru
RhunapIorwerth,AngelaBurnsAM,1,Plaid Cymru
RhunapIorwerth,DarrenMillarAM,4,Plaid Cymru
RhunapIorwerth,Dawn_Bowden,5,Plaid Cymru
RhunapIorwerth,ElinCeredigion,13,Plaid Cymru
RhunapIorwerth,ElisThomasD,3,Plaid Cymru
RhunapIorwerth,JBryantWales,1,Plaid Cymru
RhunapIorwerth,Jeremy_Miles,1,Plaid Cymru
RhunapIorwerth,JoyceWatsonam,1,Plaid Cymru
RhunapIorwerth,JulieMorganLAB,4,Plaid Cymru
RhunapIorwerth,KenSkatesAM,2,Plaid Cymru
RhunapIorwerth,Kirsty_Williams,1,Plaid Cymru
RhunapIorwerth,LeanneWood,90,Plaid Cymru
RhunapIorwerth,LlyrGruffydd,13,Plaid Cymru
RhunapIorwerth,MarkIsherwoodAM,1,Plaid Cymru
RhunapIorwerth,MarkReckless,2,Plaid Cymru
RhunapIorwerth,MickAntoniw1,7,Plaid Cymru
RhunapIorwerth,NathanGillMEP,5,Plaid Cymru
RhunapIorwerth,RebeccaEvansAM,1,Plaid Cymru
RhunapIorwerth,SimonThomasAC,14,Plaid Cymru
RhunapIorwerth,_Adam_Price,30,Plaid Cymru
RhunapIorwerth,bethanjenkins,15,Plaid Cymru
RhunapIorwerth,carlsargeant1,2,Plaid Cymru
RhunapIorwerth,carolineUKIP,1,Plaid Cymru
RhunapIorwerth,neiljmcevoy,21,Plaid Cymru
RhunapIorwerth,siangwenfelin,17,Plaid Cymru
RhunapIorwerth,suzydaviesam,5,Plaid Cymru
SimonThomasAC,AMCarwyn,3,Plaid Cymru
SimonThomasAC,AlunDaviesAM,1,Plaid Cymru
SimonThomasAC,Amanwy,19,Plaid Cymru
SimonThomasAC,AndrewRTDavies,5,Plaid Cymru
SimonThomasAC,AngelaBurnsAM,9,Plaid Cymru
SimonThomasAC,DarrenMillarAM,1,Plaid Cymru
SimonThomasAC,ElinCeredigion,43,Plaid Cymru
SimonThomasAC,ElisThomasD,2,Plaid Cymru
SimonThomasAC,Eluned_Morgan,2,Plaid Cymru
SimonThomasAC,JBryantWales,1,Plaid Cymru
SimonThomasAC,JaneHutt,5,Plaid Cymru
SimonThomasAC,JennyRathbone,2,Plaid Cymru
SimonThomasAC,JoyceWatsonam,1,Plaid Cymru
SimonThomasAC,JulieJamesAM,1,Plaid Cymru
SimonThomasAC,KenSkatesAM,2,Plaid Cymru
SimonThomasAC,Kirsty_Williams,3,Plaid Cymru
SimonThomasAC,LeanneWood,95,Plaid Cymru
SimonThomasAC,LlyrGruffydd,14,Plaid Cymru
SimonThomasAC,MarkIsherwoodAM,1,Plaid Cymru
SimonThomasAC,MarkReckless,7,Plaid Cymru
SimonThomasAC,MickAntoniw1,3,Plaid Cymru
SimonThomasAC,NeilUKIP,2,Plaid Cymru
SimonThomasAC,NickRamsayAM,10,Plaid Cymru
SimonThomasAC,RebeccaEvansAM,1,Plaid Cymru
SimonThomasAC,RhunapIorwerth,17,Plaid Cymru
SimonThomasAC,VikkiHowells,4,Plaid Cymru
SimonThomasAC,_Adam_Price,25,Plaid Cymru
SimonThomasAC,ann_jonesam,1,Plaid Cymru
SimonThomasAC,bethanjenkins,29,Plaid Cymru
SimonThomasAC,huw4ogmore,3,Plaid Cymru
SimonThomasAC,neiljmcevoy,9,Plaid Cymru
SimonThomasAC,siangwenfelin,12,Plaid Cymru
SimonThomasAC,suzydaviesam,2,Plaid Cymru
SimonThomasAC,vaughangething,1,Plaid Cymru
UKIPNorthWales,ElisThomasD,1,UKIP
UKIPNorthWales,Kirsty_Williams,1,UKIP
UKIPNorthWales,LeanneWood,1,UKIP
UKIPNorthWales,LlyrGruffydd,2,UKIP
UKIPNorthWales,MarkReckless,9,UKIP
UKIPNorthWales,NathanGillMEP,18,UKIP
UKIPNorthWales,NeilUKIP,5,UKIP
UKIPNorthWales,carolineUKIP,2,UKIP
VikkiHowells,AMCarwyn,17,Labour
VikkiHowells,AlunDaviesAM,3,Labour
VikkiHowells,Amanwy,10,Labour
VikkiHowells,AndrewRTDavies,3,Labour
VikkiHowells,DavidReesAM,1,Labour
VikkiHowells,Dawn_Bowden,19,Labour
VikkiHowells,Eluned_Morgan,4,Labour
VikkiHowells,JBryantWales,9,Labour
VikkiHowells,JaneHutt,4,Labour
VikkiHowells,JennyRathbone,4,Labour
VikkiHowells,Jeremy_Miles,7,Labour
VikkiHowells,JulieJamesAM,1,Labour
VikkiHowells,JulieMorganLAB,4,Labour
VikkiHowells,KenSkatesAM,6,Labour
VikkiHowells,Kirsty_Williams,2,Labour
VikkiHowells,LeanneWood,4,Labour
VikkiHowells,MarkDrakeford,2,Labour
VikkiHowells,MarkReckless,1,Labour
VikkiHowells,MickAntoniw1,10,Labour
VikkiHowells,NathanGillMEP,1,Labour
VikkiHowells,RebeccaEvansAM,5,Labour
VikkiHowells,RhunapIorwerth,1,Labour
VikkiHowells,SimonThomasAC,3,Labour
VikkiHowells,ann_jonesam,1,Labour
VikkiHowells,bethanjenkins,1,Labour
VikkiHowells,carlsargeant1,9,Labour
VikkiHowells,hannahblythyn,2,Labour
VikkiHowells,hef4caerphilly,9,Labour
VikkiHowells,huw4ogmore,11,Labour
VikkiHowells,rhi4islwyn,3,Labour
VikkiHowells,siangwenfelin,1,Labour
VikkiHowells,vaughangething,5,Labour
_Adam_Price,AlunDaviesAM,2,Plaid Cymru
_Adam_Price,Amanwy,46,Plaid Cymru
_Adam_Price,AndrewRTDavies,2,Plaid Cymru
_Adam_Price,Dawn_Bowden,1,Plaid Cymru
_Adam_Price,ElinCeredigion,32,Plaid Cymru
_Adam_Price,ElisThomasD,5,Plaid Cymru
_Adam_Price,Eluned_Morgan,2,Plaid Cymru
_Adam_Price,Jeremy_Miles,4,Plaid Cymru
_Adam_Price,JoyceWatsonam,1,Plaid Cymru
_Adam_Price,JulieMorganLAB,1,Plaid Cymru
_Adam_Price,KenSkatesAM,2,Plaid Cymru
_Adam_Price,Kirsty_Williams,3,Plaid Cymru
_Adam_Price,LeanneWood,107,Plaid Cymru
_Adam_Price,LlyrGruffydd,2,Plaid Cymru
_Adam_Price,NathanGillMEP,1,Plaid Cymru
_Adam_Price,NeilUKIP,2,Plaid Cymru
_Adam_Price,RhunapIorwerth,53,Plaid Cymru
_Adam_Price,SimonThomasAC,26,Plaid Cymru
_Adam_Price,bethanjenkins,10,Plaid Cymru
_Adam_Price,carlsargeant1,1,Plaid Cymru
_Adam_Price,carolineUKIP,1,Plaid Cymru
_Adam_Price,hannahblythyn,1,Plaid Cymru
_Adam_Price,neiljmcevoy,5,Plaid Cymru
_Adam_Price,siangwenfelin,4,Plaid Cymru
_Adam_Price,suzydaviesam,2,Plaid Cymru
_Adam_Price,vaughangething,1,Plaid Cymru
ann_jonesam,AMCarwyn,48,Labour
ann_jonesam,AlunDaviesAM,6,Labour
ann_jonesam,Amanwy,4,Labour
ann_jonesam,AndrewRTDavies,18,Labour
ann_jonesam,AngelaBurnsAM,3,Labour
ann_jonesam,DarrenMillarAM,30,Labour
ann_jonesam,DavidReesAM,9,Labour
ann_jonesam,Dawn_Bowden,1,Labour
ann_jonesam,ElinCeredigion,4,Labour
ann_jonesam,ElisThomasD,6,Labour
ann_jonesam,JBryantWales,6,Labour
ann_jonesam,JFinchSaunders,17,Labour
ann_jonesam,JGriffithsLab,2,Labour
ann_jonesam,JaneHutt,25,Labour
ann_jonesam,JennyRathbone,6,Labour
ann_jonesam,Jeremy_Miles,2,Labour
ann_jonesam,JoyceWatsonam,1,Labour
ann_jonesam,JulieJamesAM,6,Labour
ann_jonesam,JulieMorganLAB,4,Labour
ann_jonesam,KenSkatesAM,27,Labour
ann_jonesam,Kirsty_Williams,3,Labour
ann_jonesam,LeanneWood,9,Labour
ann_jonesam,LlyrGruffydd,6,Labour
ann_jonesam,MarkDrakeford,7,Labour
ann_jonesam,MarkIsherwoodAM,1,Labour
ann_jonesam,MarkReckless,2,Labour
ann_jonesam,MickAntoniw1,2,Labour
ann_jonesam,MikeHedgesAM,9,Labour
ann_jonesam,MohammadAsghar,1,Labour
ann_jonesam,NathanGillMEP,1,Labour
ann_jonesam,RebeccaEvansAM,33,Labour
ann_jonesam,RhunapIorwerth,3,Labour
ann_jonesam,SimonThomasAC,6,Labour
ann_jonesam,bethanjenkins,12,Labour
ann_jonesam,carlsargeant1,118,Labour
ann_jonesam,hannahblythyn,11,Labour
ann_jonesam,hef4caerphilly,1,Labour
ann_jonesam,huw4ogmore,4,Labour
ann_jonesam,lesley4wrexham,34,Labour
ann_jonesam,rhi4islwyn,3,Labour
ann_jonesam,russ_george,1,Labour
ann_jonesam,suzydaviesam,3,Labour
ann_jonesam,vaughangething,31,Labour
bethanjenkins,AMCarwyn,1,Plaid Cymru
bethanjenkins,AlunDaviesAM,5,Plaid Cymru
bethanjenkins,Amanwy,18,Plaid Cymru
bethanjenkins,AndrewRTDavies,4,Plaid Cymru
bethanjenkins,AngelaBurnsAM,1,Plaid Cymru
bethanjenkins,DarrenMillarAM,1,Plaid Cymru
bethanjenkins,DavidReesAM,18,Plaid Cymru
bethanjenkins,Dawn_Bowden,4,Plaid Cymru
bethanjenkins,ElinCeredigion,13,Plaid Cymru
bethanjenkins,ElisThomasD,3,Plaid Cymru
bethanjenkins,Eluned_Morgan,1,Plaid Cymru
bethanjenkins,JBryantWales,3,Plaid Cymru
bethanjenkins,JaneHutt,1,Plaid Cymru
bethanjenkins,JennyRathbone,1,Plaid Cymru
bethanjenkins,Jeremy_Miles,15,Plaid Cymru
bethanjenkins,JulieJamesAM,7,Plaid Cymru
bethanjenkins,JulieMorganLAB,3,Plaid Cymru
bethanjenkins,KenSkatesAM,3,Plaid Cymru
bethanjenkins,Kirsty_Williams,1,Plaid Cymru
bethanjenkins,LeanneWood,57,Plaid Cymru
bethanjenkins,LlyrGruffydd,4,Plaid Cymru
bethanjenkins,MarkDrakeford,1,Plaid Cymru
bethanjenkins,MarkIsherwoodAM,4,Plaid Cymru
bethanjenkins,MarkReckless,3,Plaid Cymru
bethanjenkins,MickAntoniw1,2,Plaid Cymru
bethanjenkins,MikeHedgesAM,14,Plaid Cymru
bethanjenkins,NathanGillMEP,4,Plaid Cymru
bethanjenkins,NeilUKIP,12,Plaid Cymru
bethanjenkins,NickRamsayAM,10,Plaid Cymru
bethanjenkins,RhunapIorwerth,10,Plaid Cymru
bethanjenkins,SimonThomasAC,21,Plaid Cymru
bethanjenkins,VikkiHowells,2,Plaid Cymru
bethanjenkins,_Adam_Price,16,Plaid Cymru
bethanjenkins,ann_jonesam,1,Plaid Cymru
bethanjenkins,carlsargeant1,2,Plaid Cymru
bethanjenkins,carolineUKIP,3,Plaid Cymru
bethanjenkins,huw4ogmore,16,Plaid Cymru
bethanjenkins,neiljmcevoy,1,Plaid Cymru
bethanjenkins,russ_george,2,Plaid Cymru
bethanjenkins,siangwenfelin,1,Plaid Cymru
bethanjenkins,suzydaviesam,21,Plaid Cymru
bethanjenkins,vaughangething,1,Plaid Cymru
carlsargeant1,AMCarwyn,47,Labour
carlsargeant1,AlunDaviesAM,15,Labour
carlsargeant1,Amanwy,30,Labour
carlsargeant1,AndrewRTDavies,1,Labour
carlsargeant1,DarrenMillarAM,1,Labour
carlsargeant1,DavidReesAM,9,Labour
carlsargeant1,Dawn_Bowden,2,Labour
carlsargeant1,ElinCeredigion,2,Labour
carlsargeant1,ElisThomasD,9,Labour
carlsargeant1,JBryantWales,6,Labour
carlsargeant1,JFinchSaunders,3,Labour
carlsargeant1,JGriffithsLab,1,Labour
carlsargeant1,JaneHutt,7,Labour
carlsargeant1,JennyRathbone,23,Labour
carlsargeant1,Jeremy_Miles,5,Labour
carlsargeant1,JoyceWatsonam,2,Labour
carlsargeant1,JulieJamesAM,5,Labour
carlsargeant1,JulieMorganLAB,28,Labour
carlsargeant1,KenSkatesAM,19,Labour
carlsargeant1,Kirsty_Williams,1,Labour
carlsargeant1,LeanneWood,8,Labour
carlsargeant1,LlyrGruffydd,1,Labour
carlsargeant1,MarkIsherwoodAM,6,Labour
carlsargeant1,MickAntoniw1,3,Labour
carlsargeant1,MikeHedgesAM,4,Labour
carlsargeant1,NathanGillMEP,19,Labour
carlsargeant1,NickRamsayAM,1,Labour
carlsargeant1,RebeccaEvansAM,10,Labour
carlsargeant1,RhunapIorwerth,2,Labour
carlsargeant1,VikkiHowells,8,Labour
carlsargeant1,ann_jonesam,20,Labour
carlsargeant1,bethanjenkins,2,Labour
carlsargeant1,hannahblythyn,38,Labour
carlsargeant1,lesley4wrexham,39,Labour
carlsargeant1,neiljmcevoy,1,Labour
carlsargeant1,rhi4islwyn,1,Labour
carlsargeant1,siangwenfelin,1,Labour
carlsargeant1,vaughangething,3,Labour
carolineUKIP,AlunDaviesAM,1,UKIP
carolineUKIP,Jeremy_Miles,6,UKIP
carolineUKIP,LeanneWood,3,UKIP
carolineUKIP,MarkIsherwoodAM,2,UKIP
carolineUKIP,MarkReckless,24,UKIP
carolineUKIP,MikeHedgesAM,1,UKIP
carolineUKIP,NathanGillMEP,74,UKIP
carolineUKIP,NeilUKIP,12,UKIP
carolineUKIP,_Adam_Price,1,UKIP
carolineUKIP,bethanjenkins,2,UKIP
carolineUKIP,neiljmcevoy,1,UKIP
carolineUKIP,suzydaviesam,2,UKIP
carolineUKIP,vaughangething,1,UKIP
hannahblythyn,AMCarwyn,16,Labour
hannahblythyn,AlunDaviesAM,1,Labour
hannahblythyn,Amanwy,5,Labour
hannahblythyn,DavidReesAM,4,Labour
hannahblythyn,Dawn_Bowden,5,Labour
hannahblythyn,ElinCeredigion,1,Labour
hannahblythyn,ElisThomasD,1,Labour
hannahblythyn,Eluned_Morgan,3,Labour
hannahblythyn,JBryantWales,19,Labour
hannahblythyn,JaneHutt,1,Labour
hannahblythyn,JennyRathbone,1,Labour
hannahblythyn,Jeremy_Miles,12,Labour
hannahblythyn,JulieJamesAM,1,Labour
hannahblythyn,JulieMorganLAB,3,Labour
hannahblythyn,KenSkatesAM,44,Labour
hannahblythyn,Kirsty_Williams,1,Labour
hannahblythyn,MarkDrakeford,1,Labour
hannahblythyn,MarkIsherwoodAM,3,Labour
hannahblythyn,MarkReckless,1,Labour
hannahblythyn,MickAntoniw1,3,Labour
hannahblythyn,RebeccaEvansAM,18,Labour
hannahblythyn,ann_jonesam,2,Labour
hannahblythyn,carlsargeant1,34,Labour
hannahblythyn,huw4ogmore,1,Labour
hannahblythyn,lesley4wrexham,12,Labour
hannahblythyn,suzydaviesam,1,Labour
hannahblythyn,vaughangething,8,Labour
hef4caerphilly,AMCarwyn,5,Labour
hef4caerphilly,AlunDaviesAM,2,Labour
hef4caerphilly,Amanwy,9,Labour
hef4caerphilly,Dawn_Bowden,5,Labour
hef4caerphilly,JGriffithsLab,1,Labour
hef4caerphilly,JaneHutt,3,Labour
hef4caerphilly,JennyRathbone,1,Labour
hef4caerphilly,Jeremy_Miles,7,Labour
hef4caerphilly,JulieMorganLAB,12,Labour
hef4caerphilly,KenSkatesAM,3,Labour
hef4caerphilly,Kirsty_Williams,2,Labour
hef4caerphilly,LeanneWood,1,Labour
hef4caerphilly,MarkDrakeford,1,Labour
hef4caerphilly,NathanGillMEP,1,Labour
hef4caerphilly,NeilUKIP,2,Labour
hef4caerphilly,VikkiHowells,10,Labour
hef4caerphilly,_Adam_Price,1,Labour
hef4caerphilly,bethanjenkins,1,Labour
hef4caerphilly,hannahblythyn,1,Labour
hef4caerphilly,huw4ogmore,2,Labour
hef4caerphilly,neiljmcevoy,6,Labour
hef4caerphilly,rhi4islwyn,1,Labour
hef4caerphilly,vaughangething,2,Labour
huw4ogmore,AMCarwyn,30,Labour
huw4ogmore,AlunDaviesAM,2,Labour
huw4ogmore,Amanwy,13,Labour
huw4ogmore,AndrewRTDavies,2,Labour
huw4ogmore,DavidReesAM,8,Labour
huw4ogmore,Dawn_Bowden,10,Labour
huw4ogmore,ElinCeredigion,2,Labour
huw4ogmore,ElisThomasD,7,Labour
huw4ogmore,Eluned_Morgan,6,Labour
huw4ogmore,JBryantWales,5,Labour
huw4ogmore,JaneHutt,6,Labour
huw4ogmore,JennyRathbone,1,Labour
huw4ogmore,Jeremy_Miles,9,Labour
huw4ogmore,JulieJamesAM,5,Labour
huw4ogmore,KenSkatesAM,1,Labour
huw4ogmore,LlyrGruffydd,1,Labour
huw4ogmore,MarkDrakeford,5,Labour
huw4ogmore,MarkReckless,3,Labour
huw4ogmore,MickAntoniw1,5,Labour
huw4ogmore,MikeHedgesAM,1,Labour
huw4ogmore,NathanGillMEP,1,Labour
huw4ogmore,NickRamsayAM,1,Labour
huw4ogmore,RebeccaEvansAM,5,Labour
huw4ogmore,SimonThomasAC,1,Labour
huw4ogmore,UKIPNorthWales,2,Labour
huw4ogmore,VikkiHowells,12,Labour
huw4ogmore,ann_jonesam,1,Labour
huw4ogmore,bethanjenkins,10,Labour
huw4ogmore,hannahblythyn,3,Labour
huw4ogmore,hef4caerphilly,1,Labour
huw4ogmore,rhi4islwyn,1,Labour
huw4ogmore,suzydaviesam,3,Labour
huw4ogmore,vaughangething,7,Labour
lesley4wrexham,AMCarwyn,12,Labour
lesley4wrexham,AlunDaviesAM,10,Labour
lesley4wrexham,Amanwy,4,Labour
lesley4wrexham,DavidReesAM,2,Labour
lesley4wrexham,Dawn_Bowden,7,Labour
lesley4wrexham,ElinCeredigion,1,Labour
lesley4wrexham,Eluned_Morgan,2,Labour
lesley4wrexham,JBryantWales,8,Labour
lesley4wrexham,JaneHutt,9,Labour
lesley4wrexham,JennyRathbone,9,Labour
lesley4wrexham,Jeremy_Miles,1,Labour
lesley4wrexham,JoyceWatsonam,2,Labour
lesley4wrexham,JulieJamesAM,7,Labour
lesley4wrexham,JulieMorganLAB,8,Labour
lesley4wrexham,KenSkatesAM,41,Labour
lesley4wrexham,MarkDrakeford,2,Labour
lesley4wrexham,MarkIsherwoodAM,7,Labour
lesley4wrexham,MickAntoniw1,1,Labour
lesley4wrexham,MikeHedgesAM,3,Labour
lesley4wrexham,RebeccaEvansAM,7,Labour
lesley4wrexham,RhunapIorwerth,2,Labour
lesley4wrexham,ann_jonesam,15,Labour
lesley4wrexham,carlsargeant1,55,Labour
lesley4wrexham,hannahblythyn,28,Labour
lesley4wrexham,huw4ogmore,1,Labour
lesley4wrexham,vaughangething,11,Labour
neiljmcevoy,AMCarwyn,2,Plaid Cymru
neiljmcevoy,Amanwy,13,Plaid Cymru
neiljmcevoy,AndrewRTDavies,3,Plaid Cymru
neiljmcevoy,ElinCeredigion,6,Plaid Cymru
neiljmcevoy,ElisThomasD,4,Plaid Cymru
neiljmcevoy,Eluned_Morgan,1,Plaid Cymru
neiljmcevoy,JaneHutt,1,Plaid Cymru
neiljmcevoy,JennyRathbone,2,Plaid Cymru
neiljmcevoy,JulieMorganLAB,5,Plaid Cymru
neiljmcevoy,KenSkatesAM,3,Plaid Cymru
neiljmcevoy,Kirsty_Williams,2,Plaid Cymru
neiljmcevoy,LeanneWood,71,Plaid Cymru
neiljmcevoy,LlyrGruffydd,1,Plaid Cymru
neiljmcevoy,MarkDrakeford,13,Plaid Cymru
neiljmcevoy,MarkIsherwoodAM,4,Plaid Cymru
neiljmcevoy,MickAntoniw1,2,Plaid Cymru
neiljmcevoy,NathanGillMEP,1,Plaid Cymru
neiljmcevoy,RhunapIorwerth,8,Plaid Cymru
neiljmcevoy,SimonThomasAC,16,Plaid Cymru
neiljmcevoy,UKIPNorthWales,1,Plaid Cymru
neiljmcevoy,_Adam_Price,8,Plaid Cymru
neiljmcevoy,bethanjenkins,5,Plaid Cymru
neiljmcevoy,hef4caerphilly,3,Plaid Cymru
neiljmcevoy,lesley4wrexham,3,Plaid Cymru
neiljmcevoy,siangwenfelin,4,Plaid Cymru
neiljmcevoy,vaughangething,1,Plaid Cymru
rhi4islwyn,AMCarwyn,11,Labour
rhi4islwyn,AlunDaviesAM,4,Labour
rhi4islwyn,Amanwy,3,Labour
rhi4islwyn,AndrewRTDavies,1,Labour
rhi4islwyn,DavidReesAM,2,Labour
rhi4islwyn,Dawn_Bowden,7,Labour
rhi4islwyn,Eluned_Morgan,3,Labour
rhi4islwyn,JBryantWales,6,Labour
rhi4islwyn,JGriffithsLab,2,Labour
rhi4islwyn,JaneHutt,1,Labour
rhi4islwyn,JennyRathbone,1,Labour
rhi4islwyn,Jeremy_Miles,4,Labour
rhi4islwyn,JoyceWatsonam,1,Labour
rhi4islwyn,JulieJamesAM,2,Labour
rhi4islwyn,JulieMorganLAB,1,Labour
rhi4islwyn,KenSkatesAM,1,Labour
rhi4islwyn,Kirsty_Williams,1,Labour
rhi4islwyn,LeanneWood,2,Labour
rhi4islwyn,MarkDrakeford,1,Labour
rhi4islwyn,MarkIsherwoodAM,1,Labour
rhi4islwyn,MickAntoniw1,2,Labour
rhi4islwyn,MikeHedgesAM,1,Labour
rhi4islwyn,NathanGillMEP,1,Labour
rhi4islwyn,NeilUKIP,1,Labour
rhi4islwyn,NickRamsayAM,5,Labour
rhi4islwyn,RebeccaEvansAM,3,Labour
rhi4islwyn,RhunapIorwerth,1,Labour
rhi4islwyn,VikkiHowells,4,Labour
rhi4islwyn,_Adam_Price,1,Labour
rhi4islwyn,carlsargeant1,4,Labour
rhi4islwyn,hannahblythyn,1,Labour
rhi4islwyn,hef4caerphilly,8,Labour
rhi4islwyn,huw4ogmore,5,Labour
rhi4islwyn,russ_george,1,Labour
rhi4islwyn,suzydaviesam,1,Labour
rhi4islwyn,vaughangething,2,Labour
russ_george,AlunDaviesAM,6,Conservative
russ_george,AndrewRTDavies,43,Conservative
russ_george,AngelaBurnsAM,5,Conservative
russ_george,DarrenMillarAM,29,Conservative
russ_george,DavidReesAM,3,Conservative
russ_george,ElinCeredigion,4,Conservative
russ_george,ElisThomasD,7,Conservative
russ_george,JBryantWales,1,Conservative
russ_george,JFinchSaunders,3,Conservative
russ_george,JennyRathbone,1,Conservative
russ_george,JoyceWatsonam,3,Conservative
russ_george,JulieMorganLAB,3,Conservative
russ_george,KenSkatesAM,3,Conservative
russ_george,Kirsty_Williams,5,Conservative
russ_george,LeanneWood,1,Conservative
russ_george,LlyrGruffydd,8,Conservative
russ_george,MarkIsherwoodAM,5,Conservative
russ_george,MikeHedgesAM,1,Conservative
russ_george,MohammadAsghar,1,Conservative
russ_george,NickRamsayAM,1,Conservative
russ_george,RebeccaEvansAM,14,Conservative
russ_george,RhunapIorwerth,3,Conservative
russ_george,SimonThomasAC,5,Conservative
russ_george,ann_jonesam,1,Conservative
russ_george,bethanjenkins,8,Conservative
russ_george,carlsargeant1,3,Conservative
russ_george,neiljmcevoy,1,Conservative
russ_george,rhi4islwyn,1,Conservative
russ_george,suzydaviesam,6,Conservative
russ_george,vaughangething,4,Conservative
siangwenfelin,AMCarwyn,4,Plaid Cymru
siangwenfelin,Amanwy,1,Plaid Cymru
siangwenfelin,ElinCeredigion,38,Plaid Cymru
siangwenfelin,ElisThomasD,5,Plaid Cymru
siangwenfelin,Eluned_Morgan,3,Plaid Cymru
siangwenfelin,JBryantWales,2,Plaid Cymru
siangwenfelin,JennyRathbone,1,Plaid Cymru
siangwenfelin,Jeremy_Miles,4,Plaid Cymru
siangwenfelin,KenSkatesAM,2,Plaid Cymru
siangwenfelin,LeanneWood,148,Plaid Cymru
siangwenfelin,LlyrGruffydd,25,Plaid Cymru
siangwenfelin,MarkIsherwoodAM,2,Plaid Cymru
siangwenfelin,MarkReckless,1,Plaid Cymru
siangwenfelin,NathanGillMEP,2,Plaid Cymru
siangwenfelin,RebeccaEvansAM,1,Plaid Cymru
siangwenfelin,RhunapIorwerth,56,Plaid Cymru
siangwenfelin,SimonThomasAC,30,Plaid Cymru
siangwenfelin,VikkiHowells,1,Plaid Cymru
siangwenfelin,_Adam_Price,40,Plaid Cymru
siangwenfelin,bethanjenkins,5,Plaid Cymru
siangwenfelin,hef4caerphilly,1,Plaid Cymru
siangwenfelin,huw4ogmore,1,Plaid Cymru
siangwenfelin,neiljmcevoy,6,Plaid Cymru
siangwenfelin,russ_george,1,Plaid Cymru
suzydaviesam,AMCarwyn,3,Conservative
suzydaviesam,AlunDaviesAM,5,Conservative
suzydaviesam,Amanwy,2,Conservative
suzydaviesam,AndrewRTDavies,56,Conservative
suzydaviesam,AngelaBurnsAM,18,Conservative
suzydaviesam,DarrenMillarAM,6,Conservative
suzydaviesam,DavidReesAM,12,Conservative
suzydaviesam,Dawn_Bowden,6,Conservative
suzydaviesam,ElinCeredigion,4,Conservative
suzydaviesam,ElisThomasD,2,Conservative
suzydaviesam,Eluned_Morgan,1,Conservative
suzydaviesam,JFinchSaunders,3,Conservative
suzydaviesam,JennyRathbone,1,Conservative
suzydaviesam,Jeremy_Miles,15,Conservative
suzydaviesam,JoyceWatsonam,5,Conservative
suzydaviesam,JulieJamesAM,10,Conservative
suzydaviesam,JulieMorganLAB,3,Conservative
suzydaviesam,KenSkatesAM,5,Conservative
suzydaviesam,Kirsty_Williams,1,Conservative
suzydaviesam,LeanneWood,10,Conservative
suzydaviesam,LlyrGruffydd,1,Conservative
suzydaviesam,MarkDrakeford,2,Conservative
suzydaviesam,MarkIsherwoodAM,5,Conservative
suzydaviesam,MarkReckless,2,Conservative
suzydaviesam,MickAntoniw1,9,Conservative
suzydaviesam,MikeHedgesAM,14,Conservative
suzydaviesam,MohammadAsghar,1,Conservative
suzydaviesam,NathanGillMEP,3,Conservative
suzydaviesam,NickRamsayAM,6,Conservative
suzydaviesam,RhunapIorwerth,3,Conservative
suzydaviesam,SimonThomasAC,13,Conservative
suzydaviesam,_Adam_Price,2,Conservative
suzydaviesam,ann_jonesam,2,Conservative
suzydaviesam,bethanjenkins,65,Conservative
suzydaviesam,carlsargeant1,1,Conservative
suzydaviesam,carolineUKIP,6,Conservative
suzydaviesam,hannahblythyn,4,Conservative
suzydaviesam,huw4ogmore,1,Conservative
suzydaviesam,russ_george,10,Conservative
suzydaviesam,vaughangething,2,Conservative
vaughangething,AMCarwyn,13,Labour
vaughangething,AlunDaviesAM,10,Labour
vaughangething,Amanwy,24,Labour
vaughangething,AndrewRTDavies,6,Labour
vaughangething,DarrenMillarAM,1,Labour
vaughangething,DavidReesAM,7,Labour
vaughangething,Dawn_Bowden,19,Labour
vaughangething,ElinCeredigion,2,Labour
vaughangething,ElisThomasD,3,Labour
vaughangething,Eluned_Morgan,8,Labour
vaughangething,JBryantWales,18,Labour
vaughangething,JaneHutt,45,Labour
vaughangething,JennyRathbone,23,Labour
vaughangething,Jeremy_Miles,7,Labour
vaughangething,JoyceWatsonam,4,Labour
vaughangething,JulieJamesAM,6,Labour
vaughangething,JulieMorganLAB,7,Labour
vaughangething,KenSkatesAM,6,Labour
vaughangething,Kirsty_Williams,2,Labour
vaughangething,MarkDrakeford,13,Labour
vaughangething,MarkReckless,3,Labour
vaughangething,MickAntoniw1,16,Labour
vaughangething,MikeHedgesAM,1,Labour
vaughangething,NathanGillMEP,1,Labour
vaughangething,NickRamsayAM,1,Labour
vaughangething,RebeccaEvansAM,9,Labour
vaughangething,RhunapIorwerth,1,Labour
vaughangething,SimonThomasAC,1,Labour
vaughangething,VikkiHowells,2,Labour
vaughangething,_Adam_Price,2,Labour
vaughangething,ann_jonesam,14,Labour
vaughangething,bethanjenkins,5,Labour
vaughangething,carlsargeant1,3,Labour
vaughangething,hannahblythyn,14,Labour
vaughangething,hef4caerphilly,2,Labour
vaughangething,huw4ogmore,2,Labour
vaughangething,lesley4wrexham,4,Labour
vaughangething,rhi4islwyn,1,Labour
vaughangething,suzydaviesam,3,Labour
